{"cameraMode":{"drawMode":0,"name":"Shaded","section":"Shading Mode"},"sceneLighting":true,"audioPlay":false,"sceneViewState":{"m_AlwaysRefresh":false,"showFog":true,"showSkybox":true,"showFlares":true,"showImageEffects":true,"showParticleSystems":true,"showVisualEffectGraphs":true,"m_FxEnabled":true},"in2DMode":false,"pivot":{"x":-5.902564525604248,"y":-1.4590165615081788,"z":-5.389604568481445},"rotation":{"x":0.058794908225536349,"y":-0.9146499633789063,"z":0.14414457976818086,"w":0.37307876348495486},"size":7.244753360748291,"orthographic":false}